Benchmark Challenge,Active Threads,Array Size / Samples,Time (seconds),Speedup Factor,Efficiency (%)
"Challenge 1: Monte Carlo (1 Thread Base)",1,120000000,1.9591,1.00x,100.0%
"Challenge 1: Monte Carlo (2 Threads)",2,120000000,0.9940,1.97x,98.5%
"Challenge 1: Monte Carlo (4 Threads)",4,120000000,0.6547,2.99x,74.8%
"Challenge 1: Monte Carlo (8 Threads)",8,120000000,0.5009,3.91x,48.9%
"Challenge 1: Monte Carlo (16 Threads)",16,120000000,0.4882,4.01x,25.1%
"Challenge 2: Mandelbrot (Rows)",16,2500 x 2500,0.7180,N/A,N/A
"Challenge 2: Mandelbrot (Cols)",16,2500 x 2500,0.7036,N/A,N/A
"Challenge 3: Heat Stencil (float64)",16,1500 x 1500 x 300,0.4219,N/A,N/A
"Challenge 3: Heat Stencil (float32)",16,1500 x 1500 x 300,0.0985,N/A,N/A
